Country,Year,Language,geo_point,Country Code,Debt,Account Balance,Corruption,Foreign_Investment,GDP,Inflation,Ethnicity,Religion,Unemployement,Natural Resources,Infant Mortality
Uganda,2018,0.9227,POINT(32.216658 1.533355),UGA,46.34179919,-9.339273772,26,4.869111556,2.274615022,2.61601191,0.9302,0.6332,1.741999984,13.85620466,33.8
Uganda,2019,0.9227,POINT(32.216658 1.533355),UGA,46.34179919,-9.339273772,26,4.869111556,2.274615022,2.61601191,0.9302,0.6332,1.786999941,13.85620466,33.8
Liberia,2018,0.9038,POINT(-9.365852 5.749972),LBR,44.66293589,-20.65233759,32,3.956181214,-1.229759965,23.5635149,0.9084,0.4883,2.032999992,25.20409969,53.5
Liberia,2019,0.9038,POINT(-9.365852 5.749972),LBR,44.66293589,-20.65233759,32,3.956181214,-1.229759965,23.5635149,0.9084,0.4883,2.032000065,25.20409969,53.5
Madagascar,2018,0.0204,POINT(46.441642 -18.92496),MDG,31.75824931,0.578357142,25,4.41794014,1.810248204,7.404191742,0.8791,0.5191,1.659000039,10.28492344,38.2
Madagascar,2019,0.0204,POINT(46.441642 -18.92496),MDG,31.75824931,0.578357142,25,4.41794014,1.810248204,7.404191742,0.8791,0.5191,1.644999981,10.28492344,38.2
"Congo, Dem. Rep.",2018,0.8705,POINT(15.257513 -4.441883),COD,10.94127267,-4.592797073,20,2.720115259,2.399910664,2.885851073,0.8747,0.7021,4.15500021,32.70249674,68.2
"Congo, Dem. Rep.",2019,0.8705,POINT(15.257513 -4.441883),COD,10.94127267,-4.592797073,20,2.720115259,2.399910664,2.885851073,0.8747,0.7021,4.271999836,32.70249674,68.2
"Congo, Rep.",2018,0.6871,POINT(15.641916 -0.726433),COG,51.12602449,-39.77015807,19,38.29248197,-1.549244028,0.450063823,0.8747,0.6642,10.38199997,42.66827703,36.2
"Congo, Rep.",2019,0.6871,POINT(15.641916 -0.726433),COG,51.12602449,-39.77015807,19,38.29248197,-1.549244028,0.450063823,0.8747,0.6642,10.38700008,42.66827703,36.2
Cameroon,2018,0.8898,POINT(13.153581 4.612552),CMR,28.73682449,-3.644415277,25,1.978368628,1.379191982,1.068858113,0.8635,0.7338,3.361000061,6.580438686,50.6
Cameroon,2019,0.8898,POINT(13.153581 4.612552),CMR,28.73682449,-3.644415277,25,1.978368628,1.379191982,1.068858113,0.8635,0.7338,3.339999914,6.580438686,50.6
Chad,2018,0.8635,POINT(19.015617 15.613414),TCD,29.29101662,-3.199137423,19,5.874210982,-0.415664166,3.669900434,0.862,0.6411,2.229000092,21.95567247,71.4
Chad,2019,0.8635,POINT(19.015617 15.613414),TCD,29.29101662,-3.199137423,19,5.874210982,-0.415664166,3.669900434,0.862,0.6411,2.319000006,21.95567247,71.4
Kenya,2018,0.886,POINT(38.431398 1.441968),KEN,36.14484245,-6.371804754,27,1.849566181,3.896152981,4.689819761,0.8588,0.7765,9.312999725,2.475375541,30.6
Kenya,2019,0.886,POINT(38.431398 1.441968),KEN,36.14484245,-6.371804754,27,1.849566181,3.896152981,4.689819761,0.8588,0.7765,9.305000305,2.475375541,30.6
Nigeria,2018,0.8316,POINT(7.999972 9.600036),NGA,12.41529025,1.342776438,27,0.502803407,-0.66557908,12.09473155,0.8505,0.7421,6.026000023,8.673509404,75.7
Nigeria,2019,0.8316,POINT(7.999972 9.600036),NGA,12.41529025,1.342776438,27,0.502803407,-0.66557908,12.09473155,0.8505,0.7421,6.105999947,8.673509404,75.7
Central African Republic,2018,0.8334,POINT(19.998123 7.03236),CAF,32.65035206,-2.899004627,26,0.810612496,2.224742848,37.14221481,0.8295,0.7916,6.482999802,13.5760529,84.5
Central African Republic,2019,0.8334,POINT(19.998123 7.03236),CAF,32.65035206,-2.899004627,26,0.810612496,2.224742848,37.14221481,0.8295,0.7916,6.521999836,13.5760529,84.5
Cote d'Ivoire,2018,0.7842,POINT(-5.567946 7.989737),CIV,37.91909469,-2.750068845,35,2.122573734,4.725692099,0.439062777,0.8204,0.7551,2.480000019,3.318173533,59.4
Cote d'Ivoire,2019,0.7842,POINT(-5.567946 7.989737),CIV,37.91909469,-2.750068845,35,2.122573734,4.725692099,0.439062777,0.8204,0.7551,2.444999933,3.318173533,59.4
Sierra Leone,2018,0.7634,POINT(-11.840027 8.640035),SLE,45.09463761,-15.8164604,30,5.331867768,1.259327721,16.03278985,0.8191,0.5395,4.313000202,22.15351226,78.5
Sierra Leone,2019,0.7634,POINT(-11.840027 8.640035),SLE,45.09463761,-15.8164604,30,5.331867768,1.259327721,16.03278985,0.8191,0.5395,4.329999924,22.15351226,78.5
Somalia,2018,0.0326,POINT(49.083416 8.367677),SOM,39.3544471,,10,8.663919263,-2.736255088,,0.8117,0.0028,13.95600033,15.17980948,76.6
Somalia,2019,0.0326,POINT(49.083416 8.367677),SOM,39.3544471,,10,8.663919263,-2.736255088,,0.8117,0.0028,13.95499992,15.17980948,76.6
Yugoslavia,2018,0.6064,,,,,,,,,0.8092,0.553,,,
Yugoslavia,2019,0.6064,,,,,,,,,0.8092,0.553,,,
Guinea-Bissau,2018,0.8141,POINT(-14.900021 12.100035),GNB,28.89267558,-3.710706563,16,1.409573186,1.243474147,1.362148999,0.8082,0.6128,4.05700016,16.32659839,54
Guinea-Bissau,2019,0.8141,POINT(-14.900021 12.100035),GNB,28.89267558,-3.710706563,16,1.409573186,1.243474147,1.362148999,0.8082,0.6128,4.070000172,16.32659839,54
Djibouti,2018,0.6558,POINT(42.757785 11.856775),DJI,157.6098688,-10.61135869,31,8.965083519,3.82998552,0.14797085,0.7962,0.0435,11.12199974,0.672749698,49.8
Djibouti,2019,0.6558,POINT(42.757785 11.856775),DJI,157.6098688,-10.61135869,31,8.965083519,3.82998552,0.14797085,0.7962,0.0435,11.02999973,0.672749698,49.8
Libya,2018,0.0758,POINT(18.123672 26.823447),LBY,73.84,-17.96073699,17,0,6.368240933,2.605818027,0.792,0.057,17.28700066,38.47372413,10.2
Libya,2019,0.0758,POINT(18.123672 26.823447),LBY,73.84,-17.96073699,17,0,6.368240933,2.605818027,0.792,0.057,17.29999924,38.47372413,10.2
Benin,2018,0.7905,POINT(2.258441 9.529347),BEN,35.91103589,-10.00372859,40,2.004108084,3.975183596,1.024127367,0.7872,0.5544,2.125,5.757889959,60.5
Benin,2019,0.7905,POINT(2.258441 9.529347),BEN,35.91103589,-10.00372859,40,2.004108084,3.975183596,1.024127367,0.7872,0.5544,2.025000095,5.757889959,60.5
Angola,2018,0.787,POINT(17.569124 -11.877577),AGO,53.99826311,7.000035353,19,-5.420744964,-5.287779594,20.19037379,0.7867,0.6276,7.252999783,16.35012001,51.6
Angola,2019,0.787,POINT(17.569124 -11.877577),AGO,53.99826311,7.000035353,19,-5.420744964,-5.287779594,20.19037379,0.7867,0.6276,7.245999813,16.35012001,51.6
"Gambia, The",2018,0.8076,POINT(-15.490046 13.470062),GMB,42.70920582,-4.816559763,37,2.018463805,3.453188862,6.521158804,0.7864,0.097,8.904999733,5.752880114,39
"Gambia, The",2019,0.8076,POINT(-15.490046 13.470062),GMB,42.70920582,-4.816559763,37,2.018463805,3.453188862,6.521158804,0.7864,0.097,8.897999763,5.752880114,39
Zambia,2018,0.8734,POINT(27.559916 -14.518624),ZMB,73.65672346,-1.281048668,35,1.528582968,0.815169499,7.494571927,0.7808,0.7359,7.209000111,15.94726442,40.4
Zambia,2019,0.8734,POINT(27.559916 -14.518624),ZMB,73.65672346,-1.281048668,35,1.528582968,0.815169499,7.494571927,0.7808,0.7359,7.144999981,15.94726442,40.4
Afghanistan,2018,0.6141,POINT(66.238514 33.768007),AFG,13.37101824,-18.87484323,16,0.616822256,-1.350178336,4.975951506,0.7693,0.2717,1.542000055,0.693530677,47.9
Afghanistan,2019,0.6141,POINT(66.238514 33.768007),AFG,13.37101824,-18.87484323,16,0.616822256,-1.350178336,4.975951506,0.7693,0.2717,1.519000053,0.693530677,47.9
Gabon,2018,0.7821,POINT(11.68997 -0.899969),GAB,42.96963607,0.980682965,31,5.018236442,-1.755039188,4.749066521,0.769,0.6674,19.48800087,18.40619085,32.7
Gabon,2019,0.7821,POINT(11.68997 -0.899969),GAB,42.96963607,0.980682965,31,5.018236442,-1.755039188,4.749066521,0.769,0.6674,19.6060009,18.40619085,32.7
South Africa,2018,0.8652,POINT(24.357658 -28.876689),ZAF,50.55691188,-3.634112832,43,1.485433112,-0.572080197,4.504577493,0.7517,0.8603,26.95800018,5.140270609,28.5
South Africa,2019,0.8652,POINT(24.357658 -28.876689),ZAF,50.55691188,-3.634112832,43,1.485433112,-0.572080197,4.504577493,0.7517,0.8603,27.32099915,5.140270609,28.5
Qatar,2018,0.48,POINT(51.22953 25.333698),QAT,39.76,8.701931497,62,-1.142474855,-0.584669133,0.344165322,0.7456,0.095,0.142000005,17.94662127,5.8
Qatar,2019,0.48,POINT(51.22953 25.333698),QAT,39.76,8.701931497,62,-1.142474855,-0.584669133,0.344165322,0.7456,0.095,0.144999996,17.94662127,5.8
Bolivia,2018,0.224,POINT(-64.991229 -17.05687),BOL,33.78095738,-4.938481878,29,0.633154081,2.752155942,2.272059872,0.7396,0.2085,3.257999897,6.925103236,21.8
Bolivia,2019,0.224,POINT(-64.991229 -17.05687),BOL,33.78095738,-4.938481878,29,0.633154081,2.752155942,2.272059872,0.7396,0.2085,3.266000032,6.925103236,21.8
Guinea,2018,0.7725,POINT(-10.708359 10.722623),GIN,24.63163716,-1.746550335,28,3.234189481,3.19829413,9.826042226,0.7389,0.2649,3.607000113,20.18461883,64.9
Guinea,2019,0.7725,POINT(-10.708359 10.722623),GIN,24.63163716,-1.746550335,28,3.234189481,3.19829413,9.826042226,0.7389,0.2649,3.572000027,20.18461883,64.9
Burkina Faso,2018,0.7228,POINT(-1.688031 12.075308),BFA,23.41973751,-7.250983926,41,3.398296536,3.812912022,1.864449585,0.7377,0.5798,6.059000015,19.94201849,49
Burkina Faso,2019,0.7228,POINT(-1.688031 12.075308),BFA,23.41973751,-7.250983926,41,3.398296536,3.812912022,1.864449585,0.7377,0.5798,6.149000168,19.94201849,49
Tanzania,2018,0.8983,POINT(35.787844 -6.524712),TZA,33.06317976,-3.259067235,36,1.820636914,2.11505516,3.494458489,0.7353,0.6334,1.932000041,6.616386051,37.6
Tanzania,2019,0.8983,POINT(35.787844 -6.524712),TZA,33.06317976,-3.259067235,36,1.820636914,2.11505516,3.494458489,0.7353,0.6334,1.911999941,6.616386051,37.6
Indonesia,2018,0.768,POINT(106.8489 -6.230276),IDN,37.5955781,-2.979008237,38,1.890601419,3.985604226,3.198346416,0.7351,0.234,4.300000191,3.484669877,21.1
Indonesia,2019,0.768,POINT(106.8489 -6.230276),IDN,37.5955781,-2.717438,38,1.890601419,3.985604226,3.198346416,0.7351,0.234,4.375,3.484669877,21.1
Suriname,2018,0.331,POINT(-56.077119 4.141303),SUR,43.46,-3.285743276,43,3.647166438,0.927865887,6.893903592,0.7332,0.791,7.631000042,33.1771126,16.9
Suriname,2019,0.331,POINT(-56.077119 4.141303),SUR,43.46,-3.285743276,43,3.647166438,0.927865887,6.893903592,0.7332,0.791,7.412000179,33.1771126,16.9
Ethiopia,2018,0.8073,POINT(38.65212 10.21167),ETH,33.44274428,-5.466493586,34,3.983634968,4.048070239,9.848250242,0.7235,0.6249,1.809000015,10.55470921,39.1
Ethiopia,2019,0.8073,POINT(38.65212 10.21167),ETH,33.44274428,-5.466493586,34,3.983634968,4.048070239,9.848250242,0.7235,0.6249,1.787999988,10.55470921,39.1
Sudan,2018,0.719,POINT(29.491769 14.584444),SDN,56.90703008,-11.45245034,16,2.780280184,-4.629843228,16.90945571,0.7147,0.4307,12.8760004,4.622687611,42.1
Sudan,2019,0.719,POINT(29.491769 14.584444),SDN,56.90703008,-11.45245034,16,2.780280184,-4.629843228,16.90945571,0.7147,0.4307,12.99699974,4.622687611,42.1
Andorra,2018,0.6848,,AND,,,,,1.622746677,,0.7139,0.2326,,0,2.7
Andorra,2019,0.6848,,AND,,,,,1.622746677,,0.7139,0.2326,,0,2.7
Canada,2018,0.5772,POINT(-107.991707 61.066692),CAN,91.5,-2.645281761,81,2.716491594,0.471065971,2.268225672,0.7124,0.6958,5.920000076,1.729655207,4.3
Canada,2019,0.5772,POINT(-107.991707 61.066692),CAN,91.5,-1.97716,81,2.716491594,0.471065971,2.268225672,0.7124,0.6958,6.05700016,1.729655207,4.3
Togo,2018,0.898,POINT(1.019977 8.780027),TGO,33.26552104,-2.005068777,30,1.903087691,2.375272507,0.927755426,0.7099,0.6596,1.667999983,16.4416229,47.4
Togo,2019,0.898,POINT(1.019977 8.780027),TGO,33.26552104,-2.005068777,30,1.903087691,2.375272507,0.927755426,0.7099,0.6596,1.669999957,16.4416229,47.4
Pakistan,2018,0.719,POINT(71.247499 30.33084),PAK,27.63957193,-6.100463832,33,0.74827979,3.67671211,5.078057259,0.7098,0.3848,3.038000107,1.051665576,57.2
Pakistan,2019,0.719,POINT(71.247499 30.33084),PAK,27.63957193,-6.100463832,33,0.74827979,3.67671211,5.078057259,0.7098,0.3848,3.019999981,1.051665576,57.2
Belize,2018,0.6303,,BLZ,76.77605236,-8.280225353,,6.388491065,1.071369529,,0.7015,0.5813,9.368000031,0.99854134,11.2
Belize,2019,0.6303,,BLZ,76.77605236,-8.280225353,,6.388491065,1.071369529,,0.7015,0.5813,9.496999741,0.99854134,11.2
"Micronesia, Fed. Sts.",2018,0.7483,,FSM,26.35,7.018360273,,6.329823286,-0.839033794,0.522623903,0.7005,0.6469,8.862500191,0.036589928,25.6
"Micronesia, Fed. Sts.",2019,0.7483,,FSM,26.35,7.018360273,,6.329823286,-0.839033794,0.522623903,0.7005,0.6469,8.862500191,0.036589928,25.6
Senegal,2018,0.7081,POINT(-14.452961 14.475061),SEN,52.37077522,-7.221912598,45,2.608051769,3.837062008,0.456257585,0.6939,0.1497,6.464000225,3.82233549,31.8
Senegal,2019,0.7081,POINT(-14.452961 14.475061),SEN,52.37077522,-7.221912598,45,2.608051769,3.837062008,0.456257585,0.6939,0.1497,6.521999836,3.82233549,31.8
Mozambique,2018,0.8125,POINT(34.914498 -19.302233),MOZ,107.567869,-30.58159847,23,18.19766206,0.458309216,,0.6932,0.6759,3.171999931,19.47190624,54
Mozambique,2019,0.8125,POINT(34.914498 -19.302233),MOZ,107.567869,-30.58159847,23,18.19766206,0.458309216,,0.6932,0.6759,3.190000057,19.47190624,54
Mali,2018,0.8388,POINT(-2.290024 16.370036),MLI,29.46716281,-7.888533276,32,2.721292428,1.791676657,1.759857429,0.6906,0.182,9.569000244,11.39847104,62
Mali,2019,0.8388,POINT(-2.290024 16.370036),MLI,29.46716281,-7.888533276,32,2.721292428,1.791676657,1.759857429,0.6906,0.182,9.776000023,11.39847104,62
Monaco,2018,0.7305,,MCO,,,,,5.304565431,,0.6838,0.3047,6.329999924,0,2.6
Monaco,2019,0.7305,,MCO,,,,,5.304565431,,0.6838,0.3047,6.329999924,0,2.6
Kyrgyz Republic,2018,0.5949,POINT(74.724091 41.508932),KGZ,102.9792177,-8.87779973,29,1.782101962,1.572833212,3.175309864,0.6752,0.447,7.170000076,8.453641445,16.9
Kyrgyz Republic,2019,0.5949,POINT(74.724091 41.508932),KGZ,102.9792177,-8.87779973,29,1.782101962,1.572833212,3.175309864,0.6752,0.447,7.355999947,8.453641445,16.9
Malawi,2018,0.6023,POINT(33.930196 -13.26872),MWI,32.16085903,-20.1915095,32,1.444211325,0.801419696,12.42017811,0.6744,0.8192,5.429999828,9.604024921,35.3
Malawi,2019,0.6023,POINT(33.930196 -13.26872),MWI,32.16085903,-20.1915095,32,1.444211325,0.801419696,12.42017811,0.6744,0.8192,5.375,9.604024921,35.3
Ghana,2018,0.6731,POINT(-1.080027 8.030028),GHA,36.27805554,-3.117806468,41,4.559481728,3.958667147,9.836992686,0.6733,0.7987,6.710000038,13.05817098,34.9
Ghana,2019,0.6731,POINT(-1.080027 8.030028),GHA,36.27805554,-3.117806468,41,4.559481728,3.958667147,9.836992686,0.6733,0.7987,6.78399992,13.05817098,34.9
"Iran, Islamic Rep.",2018,0.7462,POINT(52.947134 32.94075),IRN,1.48641204,11.38863537,28,1.105475516,2.327694199,9.987184964,0.6684,0.1152,11.99499989,17.77855481,12.4
"Iran, Islamic Rep.",2019,0.7462,POINT(52.947134 32.94075),IRN,1.48641204,11.38863537,28,1.105475516,2.327694199,9.987184964,0.6684,0.1152,11.99199963,17.77855481,12.4
Nepal,2018,0.7167,POINT(84.091714 28.108393),NPL,18.86124166,-9.554522269,31,0.234799359,4.907946941,4.061163388,0.6632,0.1417,1.264000058,1.134180282,26.7
Nepal,2019,0.7167,POINT(84.091714 28.108393),NPL,18.86124166,-9.554522269,31,0.234799359,4.907946941,4.061163388,0.6632,0.1417,1.246999979,1.134180282,26.7
Kuwait,2018,0.3444,POINT(47.497948 29.273396),KWT,11.17,17.09911689,41,-0.015199626,-0.741360739,2.171832985,0.6604,0.6745,2.075999975,37.13877149,6.7
Kuwait,2019,0.3444,POINT(47.497948 29.273396),KWT,11.17,17.09911689,41,-0.015199626,-0.741360739,2.171832985,0.6604,0.6745,2.164999962,37.13877149,6.7
Peru,2018,0.3358,POINT(-75.045851 -6.86997),PER,31.28266657,-1.618403641,35,2.92188842,2.205617031,1.317647659,0.6566,0.1988,2.844000101,8.913026794,11.1
Peru,2019,0.3358,POINT(-75.045851 -6.86997),PER,31.28266657,-1.618403641,35,2.92188842,2.205617031,1.317647659,0.6566,0.1988,2.90199995,8.913026794,11.1
Ecuador,2018,0.1308,POINT(-79.366696 -1.339767),ECU,42.6295373,-1.372837522,34,1.301162743,-0.397089903,-0.224103246,0.655,0.1417,3.910000086,5.509427514,12.2
Ecuador,2019,0.1308,POINT(-79.366696 -1.339767),ECU,42.6295373,-1.372837522,34,1.301162743,-0.397089903,-0.224103246,0.655,0.1417,3.980999947,5.509427514,12.2
Eritrea,2018,0.653,POINT(37.999967 15.950032),ERI,127.13,-14.81615748,24,1.495547962,7.207605266,,0.6524,0.4253,6.543000221,19.10746048,31.3
Eritrea,2019,0.653,POINT(37.999967 15.950032),ERI,127.13,-14.81615748,24,1.495547962,7.207605266,,0.6524,0.4253,6.546000004,19.10746048,31.3
Niger,2018,0.6519,POINT(9.323843 17.735621),NER,36.06149779,-15.65599086,34,21.49928314,2.495334702,2.96760366,0.6518,0.2013,0.273000002,13.30431471,48
Niger,2019,0.6519,POINT(9.323843 17.735621),NER,36.06149779,-15.65599086,34,21.49928314,2.495334702,2.96760366,0.6518,0.2013,0.256999999,13.30431471,48
Trinidad and Tobago,2018,0.1251,POINT(-60.982107 10.867785),TTO,45.45,5.00111046,41,-2.530749823,-0.66049439,1.018569302,0.6475,0.7936,2.829999924,7.703946525,16.4
Trinidad and Tobago,2019,0.1251,POINT(-60.982107 10.867785),TTO,45.45,5.00111046,41,-2.530749823,-0.66049439,1.018569302,0.6475,0.7936,2.813999891,7.703946525,16.4
Thailand,2018,0.6344,POINT(100.83273 14.897192),THA,35.08911807,6.413075596,36,2.653241671,3.80126981,1.063897542,0.6338,0.0994,0.665000021,1.674491409,7.8
Thailand,2019,0.6344,POINT(100.83273 14.897192),THA,35.08911807,6.413075596,36,2.653241671,3.80126981,1.063897542,0.6338,0.0994,0.694999993,1.674491409,7.8
Namibia,2018,0.7005,POINT(17.323111 -23.23355),NAM,34.64,-2.441461386,53,1.374162199,-2.400819772,4.288574989,0.6329,0.6626,23.09499931,4.553904629,29
Namibia,2019,0.7005,POINT(17.323111 -23.23355),NAM,34.64,-2.441461386,53,1.374162199,-2.400819772,4.288574989,0.6329,0.6626,23.18700027,4.553904629,29
Bosnia and Herzegovina,2018,0.6751,POINT(17.596147 44.305348),BIH,80.40814476,-3.722762644,38,2.42488984,4.483914305,1.168812637,0.63,0.6851,20.8390007,1.306671444,5
Bosnia and Herzegovina,2019,0.6751,POINT(17.596147 44.305348),BIH,80.40814476,-3.722762644,38,2.42488984,4.483914305,1.168812637,0.63,0.6851,21.21800041,1.306671444,5
United Arab Emirates,2018,0.4874,POINT(53.999483 24.000249),ARE,18.08,,70,2.507439402,0.207936371,3.068147057,0.6252,0.331,2.575000048,13.68873592,6.5
United Arab Emirates,2019,0.4874,POINT(53.999483 24.000249),ARE,18.08,,70,2.507439402,0.207936371,3.068147057,0.6252,0.331,2.642999887,13.68873592,6.5
Guyana,2018,0.0688,POINT(-58.93988 4.88732),GUY,44.57493063,-27.63130647,37,30.43331456,3.594471019,1.282842884,0.6195,0.7876,12.15100002,25.33049343,25.1
Guyana,2019,0.0688,POINT(-58.93988 4.88732),GUY,44.57493063,-27.63130647,37,30.43331456,3.594471019,1.282842884,0.6195,0.7876,12.21899986,25.33049343,25.1
Kazakhstan,2018,0.6621,POINT(65.20932 47.228609),KAZ,105.7051147,-0.161064007,31,0.119217147,2.740272171,7.442663213,0.6171,0.5898,4.885000229,16.19345954,8.8
Kazakhstan,2019,0.6621,POINT(65.20932 47.228609),KAZ,105.7051147,-0.161064007,31,0.119217147,2.740272171,7.442663213,0.6171,0.5898,5.425000191,16.19345954,8.8
Mauritania,2018,0.326,POINT(-9.239926 20.254038),MRT,97.83604678,-18.58491458,27,1.351623447,0.714678742,3.067359961,0.615,0.0149,10.30500031,24.1154013,51.5
Mauritania,2019,0.326,POINT(-9.239926 20.254038),MRT,97.83604678,-18.58491458,27,1.351623447,0.714678742,3.067359961,0.615,0.0149,10.32199955,24.1154013,51.5
Bhutan,2018,0.6056,POINT(90.511927 27.549511),BTN,109.2423008,-20.33902402,68,0.108298554,1.822273166,2.723777152,0.605,0.3787,2.197000027,3.947703367,24.8
Bhutan,2019,0.6056,POINT(90.511927 27.549511),BTN,109.2423008,-20.33902402,68,0.108298554,1.822273166,2.723777152,0.605,0.3787,2.187000036,3.947703367,24.8
Colombia,2018,0.0193,POINT(-73.783892 2.889443),COL,42.28936078,-3.938202179,36,3.484435285,1.024714856,3.240234138,0.6014,0.1478,9.093000412,4.315007897,12.2
Colombia,2019,0.0193,POINT(-73.783892 2.889443),COL,42.28936078,-4.262601,36,3.484435285,1.024714856,3.240234138,0.6014,0.1478,9.187999725,4.315007897,12.2
Jordan,2018,0.0396,POINT(36.941628 31.166705),JOR,76.13130616,-6.748216228,49,2.24918307,0.129635568,4.461807744,0.5926,0.0659,15.02499962,0.72701362,13.9
Jordan,2019,0.0396,POINT(36.941628 31.166705),JOR,76.13130616,-6.748216228,49,2.24918307,0.129635568,4.461807744,0.5926,0.0659,14.94499969,0.72701362,13.9
Cuba,2018,0,POINT(-80.832875 23.013134),CUB,,,47,,2.258589685,,0.5908,0.5059,2.263999939,0.566472209,3.7
Cuba,2019,0,POINT(-80.832875 23.013134),CUB,,,47,,2.258589685,,0.5908,0.5059,2.252000093,0.566472209,3.7
Malaysia,2018,0.597,POINT(112.847194 2.392376),MYS,57.39,2.116732728,47,2.389996038,3.334501101,0.884709161,0.588,0.6657,3.359999895,6.305118138,6.7
Malaysia,2019,0.597,POINT(112.847194 2.392376),MYS,57.39,2.116732728,47,2.389996038,3.334501101,0.884709161,0.588,0.6657,3.398999929,6.305118138,6.7
Latvia,2018,0.5795,POINT(24.753765 56.840649),LVA,34.94,-0.613082608,58,1.299028198,5.473690576,2.534454242,0.5867,0.5556,7.856999874,0.860849609,3.3
Latvia,2019,0.5795,POINT(24.753765 56.840649),LVA,34.94,-0.4954704,58,1.299028198,5.473690576,2.534454242,0.5867,0.5556,8.222999573,0.860849609,3.3
Nauru,2018,0.6161,,NRU,,6.691481675,,0,7.131076826,,0.5832,0.6194,13.2816,0,26.4
Nauru,2019,0.6161,,NRU,,6.691481675,,0,7.131076826,,0.5832,0.6194,13.2816,0,26.4
Serbia,2018,0,POINT(20.55144 44.153412),SRB,71.68411959,-5.198752104,39,8.11767304,4.971964525,1.959840763,0.5736,0,13.51000023,1.305879415,4.8
Serbia,2019,0,POINT(20.55144 44.153412),SRB,71.68411959,-5.198752104,39,8.11767304,4.971964525,1.959840763,0.5736,0,13.51299953,1.305879415,4.8
Liechtenstein,2018,0.2246,,LIE,,,,976.2415175,-1.865732855,,0.5726,0.3343,2.00999999,0.002064929,
Liechtenstein,2019,0.2246,,LIE,,,,976.2415175,-1.865732855,,0.5726,0.3343,2.00999999,0.002064929,
Belgium,2018,0.5409,POINT(4.66696 50.640735),BEL,106.05,-0.967437908,75,-11.57531891,1.041719531,2.053164999,0.5554,0.2127,6.322999954,0.018807977,2.9
Belgium,2019,0.5409,POINT(4.66696 50.640735),BEL,106.05,-0.967437908,75,-11.57531891,1.041719531,2.053164999,0.5554,0.2127,6.440999985,0.018807977,2.9
Moldova,2018,0.5533,POINT(28.511024 47.286747),MDA,61.31428432,-10.5855014,33,2.725261746,3.496608997,3.045053973,0.5535,0.5603,3.411000013,0.284942172,13.6
Moldova,2019,0.5533,POINT(28.511024 47.286747),MDA,61.31428432,-10.5855014,33,2.725261746,3.496608997,3.045053973,0.5535,0.5603,3.733999968,0.284942172,13.6
Panama,2018,0.3873,POINT(-81.306625 8.309607),PAN,38.77,-10.44075115,37,9.092461621,1.936964073,0.761578359,0.5528,0.3338,3.921999931,0.192480984,13.1
Panama,2019,0.3873,POINT(-81.306625 8.309607),PAN,38.77,-10.44075115,37,9.092461621,1.936964073,0.761578359,0.5528,0.3338,3.904999971,0.192480984,13.1
Fiji,2018,0.5479,,FJI,16.68952401,-8.489967168,,8.467876609,2.820319292,4.081476376,0.5479,0.5682,4.15199995,1.640251284,21.6
Fiji,2019,0.5479,,FJI,16.68952401,-8.489967168,,8.467876609,2.820319292,4.081476376,0.5479,0.5682,4.151000023,1.640251284,21.6
Mexico,2018,0.1511,POINT(-99.133342 19.432601),MEX,38.01755052,-1.801889845,28,3.071648113,0.991932458,4.899350154,0.5418,0.1796,3.322000027,2.876095555,11
Mexico,2019,0.1511,POINT(-99.133342 19.432601),MEX,38.01755052,-0.1937282,28,3.071648113,0.991932458,4.899350154,0.5418,0.1796,3.378000021,2.876095555,11
Brunei Darussalam,2018,0.3438,POINT(114.565391 4.413716),BRN,2.81,7.871478772,63,3.770058954,-0.994788509,0.15052349,0.5416,0.4404,9.223999977,17.90640886,9.8
Brunei Darussalam,2019,0.3438,POINT(114.565391 4.413716),BRN,2.81,7.871478772,63,3.770058954,-0.994788509,0.15052349,0.5416,0.4404,9.244999886,17.90640886,9.8
Brazil,2018,0.0468,POINT(-53.2 -10.333333),BRA,30.31317026,-2.22300719,35,4.182889946,0.328077907,3.664850284,0.5408,0.6054,12.54399967,3.532034204,12.8
Brazil,2019,0.0468,POINT(-53.2 -10.333333),BRA,30.31317026,-2.762543,35,4.182889946,0.328077907,3.664850284,0.5408,0.6054,12.21800041,3.532034204,12.8
Syrian Arab Republic,2018,0.1817,POINT(39.049411 34.640186),SYR,30.02,1.137423307,13,3.073775351,1.345096533,36.70229534,0.5399,0.431,8.119999886,21.64539514,14
Syrian Arab Republic,2019,0.1817,POINT(39.049411 34.640186),SYR,30.02,1.137423307,13,3.073775351,1.345096533,36.70229534,0.5399,0.431,8.18200016,21.64539514,14
Switzerland,2018,0.5441,POINT(8.231974 46.798562),CHE,45.66,10.50854099,85,-9.597695508,1.969887247,0.936313303,0.5314,0.6083,4.882999897,0.010937101,3.7
Switzerland,2019,0.5441,POINT(8.231974 46.798562),CHE,45.66,12.24493,85,-9.597695508,1.969887247,0.936313303,0.5314,0.6083,4.874000072,0.010937101,3.7
Luxembourg,2018,0.644,POINT(6.129675 49.815868),LUX,21.45,4.833560205,81,-7.921291406,1.178000117,1.528195243,0.5302,0.0911,5.46999979,0.013573212,1.9
Luxembourg,2019,0.644,POINT(6.129675 49.815868),LUX,21.45,4.833560205,81,-7.921291406,1.178000117,1.528195243,0.5302,0.0911,5.413000107,0.013573212,1.9
Lao PDR,2018,0.6382,POINT(103.378253 20.017111),LAO,90.18186989,-7.966970547,29,7.350036181,4.61588222,2.040128953,0.5139,0.5453,0.609000027,10.18649863,37.6
Lao PDR,2019,0.6382,POINT(103.378253 20.017111),LAO,90.18186989,-7.966970547,29,7.350036181,4.61588222,2.040128953,0.5139,0.5453,0.574000001,10.18649863,37.6
Guatemala,2018,0.4586,POINT(-89.898809 15.635609),GTM,28.96798216,0.8475608,27,1.340165686,1.154413801,3.751861867,0.5122,0.3753,2.726999998,2.029228413,22.1
Guatemala,2019,0.4586,POINT(-89.898809 15.635609),GTM,28.96798216,0.8475608,27,1.340165686,1.154413801,3.751861867,0.5122,0.3753,2.746000051,2.029228413,22.1
Tajikistan,2018,0.5473,POINT(70.815654 38.628173),TJK,67.65100804,-5.030940817,25,2.93584693,4.699464341,6.004580823,0.5107,0.3386,10.92199993,5.688128914,30.4
Tajikistan,2019,0.5473,POINT(70.815654 38.628173),TJK,67.65100804,-5.030940817,25,2.93584693,4.699464341,6.004580823,0.5107,0.3386,11.08199978,5.688128914,30.4
Estonia,2018,0.4944,POINT(25.331908 58.752378),EST,9.74,1.992677424,73,3.84026541,4.483568571,3.436326884,0.5062,0.4985,5.507999897,1.045031311,2.1
Estonia,2019,0.4944,POINT(25.331908 58.752378),EST,9.74,2.212566,73,3.84026541,4.483568571,3.436326884,0.5062,0.4985,5.881999969,1.045031311,2.1
Myanmar,2018,0.5072,POINT(95.999965 17.17505),MMR,21.54803969,-3.00100682,29,1.813100843,5.555804238,1.467583227,0.5062,0.1974,1.56400001,7.138884416,36.8
Myanmar,2019,0.5072,POINT(95.999965 17.17505),MMR,21.54803969,-3.00100682,29,1.813100843,5.555804238,1.467583227,0.5062,0.1974,1.575000048,7.138884416,36.8
North Macedonia,2018,0.5021,POINT(21.716839 41.617121),MKD,72.02687522,-0.202021245,37,5.119363288,2.617176945,1.458312985,0.5023,0.5899,21.55200005,1.914228325,8.7
North Macedonia,2019,0.5021,POINT(21.716839 41.617121),MKD,72.02687522,-0.202021245,37,5.119363288,2.617176945,1.458312985,0.5023,0.5899,21.58099937,1.914228325,8.7
Bahrain,2018,0.4344,POINT(50.534461 26.155125),BHR,61.86,-6.449853691,36,0.294520302,-3.110625106,2.084812496,0.5021,0.5528,0.962000012,3.515112802,6.1
Bahrain,2019,0.4344,POINT(50.534461 26.155125),BHR,61.86,-6.449853691,36,0.294520302,-3.110625106,2.084812496,0.5021,0.5528,0.967999995,3.515112802,6.1
"Venezuela, RB",2018,0.0686,POINT(-66.110932 8.001871),VEN,41.5,1.0197792,18,0.235301767,-18.1731061,254.9485348,0.4966,0.135,8.364999771,11.81655724,21.4
"Venezuela, RB",2019,0.0686,POINT(-66.110932 8.001871),VEN,41.5,1.0197792,18,0.235301767,-18.1731061,254.9485348,0.4966,0.135,9.079000473,11.81655724,21.4
Georgia,2018,0.4749,POINT(44.028738 41.680971),GEO,110.6336367,-6.777087229,58,6.924297303,4.715845403,,0.4923,0.6543,14.10599995,1.080412794,8.7
Georgia,2019,0.4749,POINT(44.028738 41.680971),GEO,110.6336367,-6.777087229,58,6.924297303,4.715845403,,0.4923,0.6543,14.24600029,1.080412794,8.7
United States,2018,0.5647,POINT(-100.445882 39.78373),USA,105.15,-2.389908449,71,1.257718459,2.291729492,2.442583297,0.4901,0.8241,3.933000088,0.473108552,5.6
United States,2019,0.5647,POINT(-100.445882 39.78373),USA,105.15,-2.325793,71,1.257718459,2.291729492,2.442583297,0.4901,0.8241,3.868999958,0.473108552,5.6
Nicaragua,2018,0.0473,POINT(-84.870031 12.372493),NIC,90.70408932,0.632725858,25,2.738254558,-5.015965544,4.94723728,0.4844,0.429,4.479000092,3.455729698,15.7
Nicaragua,2019,0.0473,POINT(-84.870031 12.372493),NIC,90.70408932,0.632725858,25,2.738254558,-5.015965544,4.94723728,0.4844,0.429,4.869999886,3.455729698,15.7
Morocco,2018,0.4683,POINT(-7.336604 31.172819),MAR,42.2367444,-5.46529108,43,3.074940382,1.648630514,1.912959405,0.4841,0.0035,9.039999962,1.62830582,19.2
Morocco,2019,0.4683,POINT(-7.336604 31.172819),MAR,42.2367444,-5.46529108,43,3.074940382,1.648630514,1.912959405,0.4841,0.0035,9.027999878,1.62830582,19.2
Ukraine,2018,0.4741,POINT(31.271832 49.487197),UKR,89.62760585,-3.337858859,32,1.892497947,3.862732572,10.95185594,0.4737,0.6157,9.380999565,3.999670885,7.5
Ukraine,2019,0.4741,POINT(31.271832 49.487197),UKR,89.62760585,-3.337858859,32,1.892497947,3.862732572,10.95185594,0.4737,0.6157,9.312000275,3.999670885,7.5
Mauritius,2018,0.4547,POINT(57.570357 -20.275945),MUS,71.77360123,-5.733496969,51,2.61258141,3.717228566,3.216053831,0.4634,0.6385,6.867000103,0.003373145,13.6
Mauritius,2019,0.4547,POINT(57.570357 -20.275945),MUS,71.77360123,-5.733496969,51,2.61258141,3.717228566,3.216053831,0.4634,0.6385,6.868999958,0.003373145,13.6
Oman,2018,0.3567,POINT(57.00369 21.000029),OMN,14.88,-5.482981671,52,8.00015747,-1.682101824,0.881302104,0.4373,0.4322,3.112999916,23.48769133,9.8
Oman,2019,0.3567,POINT(57.00369 21.000029),OMN,14.88,-5.482981671,52,8.00015747,-1.682101824,0.881302104,0.4373,0.4322,3.084000111,23.48769133,9.8
Palau,2018,0.3157,,PLW,,-18.09055413,,7.570558485,1.143233089,1.280462619,0.4312,0.7147,1.356899977,0,16.6
Palau,2019,0.3157,,PLW,,-18.09055413,,7.570558485,1.143233089,1.280462619,0.4312,0.7147,1.356899977,0,16.6
Dominican Republic,2018,0.0395,POINT(-69.897779 18.475606),DOM,43.77474033,-1.35537924,30,3.207863336,5.834559566,3.56443426,0.4294,0.3118,5.828999996,2.525045187,24.1
Dominican Republic,2019,0.0395,POINT(-69.897779 18.475606),DOM,43.77474033,-1.35537924,30,3.207863336,5.834559566,3.56443426,0.4294,0.3118,5.828000069,2.525045187,24.1
"Bahamas, The",2018,0.1855,POINT(-78.000055 24.773655),BHS,63.58,-12.11483235,65,3.955126478,0.544150189,2.265863467,0.4228,0.6815,11.85000038,0.01507732,8.3
"Bahamas, The",2019,0.1855,POINT(-78.000055 24.773655),BHS,63.58,-12.11483235,65,3.955126478,0.544150189,2.265863467,0.4228,0.6815,11.50199986,0.01507732,8.3
India,2018,0.8069,POINT(78.667743 22.351115),IND,19.32065221,-2.4128687,41,1.549157738,5.709116885,4.860699467,0.4182,0.326,2.551000118,2.142972297,29.9
India,2019,0.8069,POINT(78.667743 22.351115),IND,19.32065221,-2.4128687,41,1.549157738,5.709116885,4.860699467,0.4182,0.326,2.551000118,2.142972297,29.9
Cabo Verde,2018,0,POINT(-23.610253 15.045452),CPV,89.29505224,-4.781391492,57,5.46202519,3.865935847,1.256995667,0.4174,0.0766,12.27600002,0.746739863,16.7
Cabo Verde,2019,0,POINT(-23.610253 15.045452),CPV,89.29505224,-4.781391492,57,5.46202519,3.865935847,1.256995667,0.4174,0.0766,12.30300045,0.746739863,16.7
Spain,2018,0.4132,POINT(-4.003104 40.002803),ESP,99.26,1.924300517,58,3.458269986,2.065112042,1.675067615,0.4165,0.4514,15.48700047,0.101134063,2.5
Spain,2019,0.4132,POINT(-4.003104 40.002803),ESP,99.26,1.924300517,58,3.458269986,2.065112042,1.675067615,0.4165,0.4514,14.69999981,0.101134063,2.5
Sri Lanka,2018,0.4645,POINT(80.703825 7.878),LKA,60.8467619,-3.164968595,38,1.811619808,2.132746096,2.135037737,0.415,0.4853,4.399000168,0.137962671,6.4
Sri Lanka,2019,0.4645,POINT(80.703825 7.878),LKA,60.8467619,-3.164968595,38,1.811619808,2.132746096,2.135037737,0.415,0.4853,4.322999954,0.137962671,6.4
Jamaica,2018,0.1098,POINT(-77.394769 18.185051),JAM,108.0095718,-1.830068727,44,4.92952207,1.454524928,3.738723914,0.4129,0.616,9.444999695,1.212481097,12.4
Jamaica,2019,0.1098,POINT(-77.394769 18.185051),JAM,108.0095718,-1.830068727,44,4.92952207,1.454524928,3.738723914,0.4129,0.616,9.524000168,1.212481097,12.4
Uzbekistan,2018,0.412,POINT(63.95281 41.32373),UZB,33.88852912,-7.116644048,23,1.237036984,3.314122563,,0.4125,0.2133,5.22300005,14.69499926,19.1
Uzbekistan,2019,0.412,POINT(63.95281 41.32373),UZB,33.88852912,-7.116644048,23,1.237036984,3.314122563,,0.4125,0.2133,5.499000072,14.69499926,19.1
Botswana,2018,0.411,POINT(24.592874 -23.168178),BWA,9.715432383,1.854694875,61,1.228610113,2.183074073,3.238015589,0.4102,0.5986,17.94099998,1.041649185,30
Botswana,2019,0.411,POINT(24.592874 -23.168178),BWA,9.715432383,1.854694875,61,1.228610113,2.183074073,3.238015589,0.4102,0.5986,18.19199944,1.041649185,30
Bulgaria,2018,0.3031,POINT(25.485662 42.607398),BGR,60.28851748,5.361679365,42,1.87705298,3.840315458,2.811868406,0.4021,0.5965,5.261000156,1.425731175,5.9
Bulgaria,2019,0.3031,POINT(25.485662 42.607398),BGR,60.28851748,5.361679365,42,1.87705298,3.840315458,2.811868406,0.4021,0.5965,4.818999767,1.425731175,5.9
New Zealand,2018,0.1657,POINT(172.834408 -41.500083),NZL,29.95,-3.761727781,87,1.038851976,0.846632297,1.598297038,0.3969,0.811,4.521999836,1.044214669,4.7
New Zealand,2019,0.1657,POINT(172.834408 -41.500083),NZL,29.95,-2.958519,87,1.038851976,0.846632297,1.598297038,0.3969,0.811,4.80700016,1.044214669,4.7
Turkmenistan,2018,0.3984,POINT(59.392461 39.376381),TKM,2.323852836,,20,4.870194653,4.507616162,,0.3918,0.2327,3.782999992,17.41530865,39.3
Turkmenistan,2019,0.3984,POINT(59.392461 39.376381),TKM,2.323852836,,20,4.870194653,4.507616162,,0.3918,0.2327,3.851000071,17.41530865,39.3
Zimbabwe,2018,0.4472,POINT(29.746841 -18.455496),ZWE,39.80752454,-1.349278006,22,2.402015232,4.672029259,0.90973329,0.3874,0.7363,4.914999962,7.026877941,33.9
Zimbabwe,2019,0.4472,POINT(29.746841 -18.455496),ZWE,39.80752454,-1.349278006,22,2.402015232,4.672029259,0.90973329,0.3874,0.7363,4.897999763,7.026877941,33.9
Singapore,2018,0.3835,POINT(103.852036 1.290475),SGP,104.68,17.86926818,85,22.52864953,2.656150008,0.438518618,0.3857,0.6561,3.767999887,4.29E-04,2.3
Singapore,2019,0.3835,POINT(103.852036 1.290475),SGP,104.68,17.86926818,85,22.52864953,2.656150008,0.438518618,0.3857,0.6561,3.624000072,4.29E-04,2.3
Croatia,2018,0.0763,POINT(17.011895 45.564344),HRV,86.67,2.392972871,48,2.106486931,3.512460717,1.50012501,0.369,0.4447,8.850000381,0.668775095,4
Croatia,2019,0.0763,POINT(17.011895 45.564344),HRV,86.67,2.392972871,48,2.106486931,3.512460717,1.50012501,0.369,0.4447,7.769000053,0.668775095,4
Iraq,2018,0.3694,POINT(44.174978 33.095579),IRQ,61.4,15.32792443,18,-2.178630578,-2.841642694,0.367441489,0.3689,0.4844,7.927999973,37.97833752,22.5
Iraq,2019,0.3694,POINT(44.174978 33.095579),IRQ,61.4,15.32792443,18,-2.178630578,-2.841642694,0.367441489,0.3689,0.4844,7.90500021,37.97833752,22.5
Mongolia,2018,0.3734,POINT(103.849974 46.825039),MNG,253.8721121,-14.55991457,37,14.9350705,5.317252546,6.800038879,0.3682,0.0799,6.320000172,40.52481302,14
Mongolia,2019,0.3734,POINT(103.849974 46.825039),MNG,253.8721121,-14.55991457,37,14.9350705,5.317252546,6.800038879,0.3682,0.0799,6.346000195,40.52481302,14
Equatorial Guinea,2018,0.322,POINT(10.517036 1.613172),GNQ,13.98,-147.9973038,16,2.947239815,-9.497352683,1.060074107,0.3467,0.1195,9.161999702,24.2512288,62.6
Equatorial Guinea,2019,0.322,POINT(10.517036 1.613172),GNQ,13.98,-147.9973038,16,2.947239815,-9.497352683,1.060074107,0.3467,0.1195,9.211999893,24.2512288,62.6
Israel,2018,0.5525,POINT(35.00152 30.876027),ISR,64.08,2.503184283,61,5.60962613,1.468194483,0.814852151,0.3436,0.3469,3.950000048,0.141124184,3
Israel,2019,0.5525,POINT(35.00152 30.876027),ISR,64.08,3.474514,61,5.60962613,1.468194483,0.814852151,0.3436,0.3469,3.930999994,0.141124184,3
Algeria,2018,0.4427,POINT(2.999983 28.000027),DZA,3.216267375,-13.17801315,35,0.866905291,-0.615183264,4.269990205,0.3394,0.0091,12.14500046,14.70616308,20.1
Algeria,2019,0.4427,POINT(2.999983 28.000027),DZA,3.216267375,-13.17801315,35,0.866905291,-0.615183264,4.269990205,0.3394,0.0091,12.34899998,14.70616308,20.1
Rwanda,2018,0,POINT(30.064436 -1.964663),RWA,58.04334266,-7.854775884,56,3.213059963,5.772764955,-0.312727199,0.3238,0.5066,0.971000016,5.899483398,27
Rwanda,2019,0,POINT(30.064436 -1.964663),RWA,58.04334266,-7.854775884,56,3.213059963,5.772764955,-0.312727199,0.3238,0.5066,0.991999984,5.899483398,27
Lithuania,2018,0.3219,POINT(23.75 55.35),LTU,42.78,1.530223646,59,1.623937419,5.088966615,2.697927792,0.3223,0.4141,6.006999969,0.327791219,3.3
Lithuania,2019,0.3219,POINT(23.75 55.35),LTU,42.78,4.234118,59,1.623937419,5.088966615,2.697927792,0.3223,0.4141,6.638000011,0.327791219,3.3
Belarus,2018,0.4666,POINT(27.697136 53.425061),BLR,67.6733331,-0.057657662,44,2.390949285,3.189813054,4.872302206,0.3222,0.6116,5.708000183,1.377342065,2.6
Belarus,2019,0.4666,POINT(27.697136 53.425061),BLR,67.6733331,-0.057657662,44,2.390949285,3.189813054,4.872302206,0.3222,0.6116,5.795000076,1.377342065,2.6
Czech Republic,2018,0.3233,POINT(15.474954 49.8167),CZE,40.31,0.3507169,59,3.463600226,2.65491944,2.149494949,0.3222,0.6591,2.397000074,0.310398012,2.7
Czech Republic,2019,0.3233,POINT(15.474954 49.8167),CZE,40.31,0.3507169,59,3.463600226,2.65491944,2.149494949,0.3222,0.6591,2.473999977,0.310398012,2.7
Turkey,2018,0.2216,POINT(34.924965 38.959759),TUR,58.97342703,-3.504503587,41,1.693264329,1.305564285,16.3324639,0.32,0.0049,10.89500046,0.363303284,9.1
Turkey,2019,0.2216,POINT(34.924965 38.959759),TUR,58.97342703,-3.504503587,41,1.693264329,1.305564285,16.3324639,0.32,0.0049,11.89500046,0.363303284,9.1
Romania,2018,0.1723,POINT(24.685923 45.985213),ROU,47.97515356,-4.568784815,47,3.065532447,4.559978445,4.625484431,0.3069,0.2373,4.295000076,0.846163148,6.1
Romania,2019,0.1723,POINT(24.685923 45.985213),ROU,47.97515356,-4.568784815,47,3.065532447,4.559978445,4.625484431,0.3069,0.2373,4.15899992,0.846163148,6.1
St. Vincent and the Grenadines,2018,0.0175,POINT(-61.276557 12.90447),VCT,37.59273623,-12.21977178,58,13.56494067,1.8080933,2.324144854,0.3066,0.7028,19.76099968,0.040176999,14.8
St. Vincent and the Grenadines,2019,0.0175,POINT(-61.276557 12.90447),VCT,37.59273623,-12.21977178,58,13.56494067,1.8080933,2.324144854,0.3066,0.7028,19.70999908,0.040176999,14.8
Burundi,2018,0.2977,POINT(29.887058 -3.363436),BDI,19.16165158,-11.94115362,17,0.032392796,-1.557407354,-2.814698077,0.2951,0.5158,1.527999997,16.21077067,41
Burundi,2019,0.2977,POINT(29.887058 -3.363436),BDI,19.16165158,-11.94115362,17,0.032392796,-1.557407354,-2.814698077,0.2951,0.5158,1.537999988,16.21077067,41
San Marino,2018,0,,SMR,19.88,,,0.015672937,0.996584598,1.045976835,0.2927,0.1975,6.449999809,0,1.7
San Marino,2019,0,,SMR,19.88,,,0.015672937,0.996584598,1.045976835,0.2927,0.1975,6.449999809,0,1.7
Taiwan,2018,0.5028,,,,,,,,,0.2744,0.6845,,,
Taiwan,2019,0.5028,,,,,,,,,0.2744,0.6845,,,
Papua New Guinea,2018,0.3526,POINT(144.248908 -5.681607),PNG,78.39206778,24.32452163,28,1.426472122,-2.760114412,5.42204568,0.2718,0.5523,2.367000103,21.83475573,38
Papua New Guinea,2019,0.3526,POINT(144.248908 -5.681607),PNG,78.39206778,24.32452163,28,1.426472122,-2.760114412,5.42204568,0.2718,0.5523,2.368999958,21.83475573,38
Grenada,2018,0,POINT(-61.690404 12.136037),GRD,58.8314867,-9.809022124,52,12.96438643,3.635083146,0.804102313,0.2661,0.5898,22.89999962,0,13.7
Grenada,2019,0,POINT(-61.690404 12.136037),GRD,58.8314867,-9.809022124,52,12.96438643,3.635083146,0.804102313,0.2661,0.5898,22.89999962,0,13.7
Argentina,2018,0.0618,POINT(-64.967282 -34.996496),ARG,56.13284079,-5.285685482,40,2.283805943,-3.467376243,,0.255,0.2236,9.482999802,1.322812748,8.8
Argentina,2019,0.0618,POINT(-64.967282 -34.996496),ARG,56.13284079,-5.285685482,40,2.283805943,-3.467376243,,0.255,0.2236,9.984999657,1.322812748,8.8
Lesotho,2018,0.2543,POINT(28.335019 -29.603927),LSO,29.22416722,-0.14767336,41,1.445358234,0.332073491,4.009998039,0.255,0.7211,23.59600067,5.891373966,65.7
Lesotho,2019,0.2543,POINT(28.335019 -29.603927),LSO,29.22416722,-0.14767336,41,1.445358234,0.332073491,4.009998039,0.255,0.7211,23.47500038,5.891373966,65.7
Slovak Republic,2018,0.2551,POINT(19.452865 48.741152),SVK,52.91,-2.606491875,50,2.409633247,3.885130152,2.514037129,0.2539,0.5655,6.756000042,0.290216688,4.6
Slovak Republic,2019,0.2551,POINT(19.452865 48.741152),SVK,52.91,-2.606491875,50,2.409633247,3.885130152,2.514037129,0.2539,0.5655,6.367000103,0.290216688,4.6
Uruguay,2018,0.0817,POINT(-56.020152 -32.875555),URY,64.29,0.127045648,70,1.967852949,1.247312548,7.606533604,0.2504,0.3548,7.960999966,1.649149655,6.4
Uruguay,2019,0.0817,POINT(-56.020152 -32.875555),URY,64.29,0.127045648,70,1.967852949,1.247312548,7.606533604,0.2504,0.3548,7.941999912,1.649149655,6.4
Russian Federation,2018,0.2485,POINT(97.745306 64.686314),RUS,28.08602725,6.844717319,28,0.52998856,2.261780504,2.878313826,0.2452,0.4398,4.743999958,10.70197923,6.1
Russian Federation,2019,0.2485,POINT(97.745306 64.686314),RUS,28.08602725,6.844717319,28,0.52998856,2.261780504,2.878313826,0.2452,0.4398,4.545000076,10.70197923,6.1
Philippines,2018,0.836,POINT(120.974218 14.591954),PHL,19.85185543,-2.637935119,36,2.971298142,4.770738946,5.211604606,0.2385,0.3056,2.515000105,1.208229492,22.5
Philippines,2019,0.836,POINT(120.974218 14.591954),PHL,19.85185543,-2.637935119,36,2.971298142,4.770738946,5.211604606,0.2385,0.3056,2.411999941,1.208229492,22.5
Vietnam,2018,0.2377,POINT(108.426511 13.290403),VNM,46.69864203,2.40580087,33,6.321017489,6.018088398,3.539433381,0.2383,0.508,1.891000032,2.861402446,16.5
Vietnam,2019,0.2377,POINT(108.426511 13.290403),VNM,46.69864203,2.40580087,33,6.321017489,6.018088398,3.539433381,0.2383,0.508,1.894000053,2.861402446,16.5
Costa Rica,2018,0.0489,POINT(-84.07391 10.273563),CRI,48.98215958,-3.103525718,56,4.596530131,1.618061785,2.221198274,0.2368,0.241,8.128000259,1.181349064,7.6
Costa Rica,2019,0.0489,POINT(-84.07391 10.273563),CRI,48.98215958,-3.103525718,56,4.596530131,1.618061785,2.221198274,0.2368,0.241,8.190999985,1.181349064,7.6
Slovenia,2018,0.2201,POINT(14.480837 45.813311),SVN,83.15,5.690351219,60,2.821540732,4.068661066,1.73860862,0.2216,0.2868,5.510000229,0.213509064,1.7
Slovenia,2019,0.2201,POINT(14.480837 45.813311),SVN,83.15,5.690351219,60,2.821540732,4.068661066,1.73860862,0.2216,0.2868,5.501999855,0.213509064,1.7
Albania,2018,0.0399,POINT(19.999962 41.000028),ALB,67.24429787,-6.689211887,36,7.974727972,4.40251487,2.020790426,0.2204,0.4719,13.89799976,1.698859222,7.8
Albania,2019,0.0399,POINT(19.999962 41.000028),ALB,67.24429787,-6.689211887,36,7.974727972,4.40251487,2.020790426,0.2204,0.4719,13.95600033,1.698859222,7.8
Cambodia,2018,0.2104,POINT(104.869423 13.506639),KHM,58.24375521,-12.19281103,20,13.09009613,5.90774125,2.890924692,0.2105,0.0965,1.047999978,1.731379629,24
Cambodia,2019,0.2104,POINT(104.869423 13.506639),KHM,58.24375521,-12.19281103,20,13.09009613,5.90774125,2.890924692,0.2105,0.0965,1.019999981,1.731379629,24
Azerbaijan,2018,0.2054,POINT(47.787251 40.393629),AZE,36.44828576,12.89121786,25,2.988947733,0.512193853,1.921883066,0.2047,0.4899,5.21999979,21.01902543,19.2
Azerbaijan,2019,0.2054,POINT(47.787251 40.393629),AZE,36.44828576,12.89121786,25,2.988947733,0.512193853,1.921883066,0.2047,0.4899,5.395999908,21.01902543,19.2
Seychelles,2018,0.1606,POINT(55.454015 -4.657498),SYC,69,-16.94370034,66,2.762801333,2.6431477,3.702918391,0.2025,0.2323,3.527800083,0.107254226,12.4
Seychelles,2019,0.1606,POINT(55.454015 -4.657498),SYC,69,-16.94370034,66,2.762801333,2.6431477,3.702918391,0.2025,0.2323,3.527800083,0.107254226,12.4
Dominica,2018,0,POINT(-61.365362 15.411314),DMA,55.28282995,-40.86010674,57,2.411848548,2.026131376,0.989191119,0.2003,0.4628,10.96000004,0.06637383,32.9
Dominica,2019,0,POINT(-61.365362 15.411314),DMA,55.28282995,-40.86010674,57,2.411848548,2.026131376,0.989191119,0.2003,0.4628,10.96000004,0.06637383,32.9
El Salvador,2018,0,POINT(-88.914068 13.800038),SLV,71.12502565,-4.765532104,35,1.638023691,2.017978144,1.090330006,0.1978,0.3559,4.389999866,0.94033783,11.8
El Salvador,2019,0,POINT(-88.914068 13.800038),SLV,71.12502565,-4.765532104,35,1.638023691,2.017978144,1.090330006,0.1978,0.3559,4.346000195,0.94033783,11.8
Honduras,2018,0.0553,POINT(-86.075514 15.257243),HND,43.72910037,-5.270625986,29,6.018331958,2.030375238,4.347349378,0.1867,0.2357,4.076000214,2.09204233,15.1
Honduras,2019,0.0553,POINT(-86.075514 15.257243),HND,43.72910037,-5.270625986,29,6.018331958,2.030375238,4.347349378,0.1867,0.2357,4.109000206,2.09204233,15.1
Chile,2018,0.1871,POINT(-71.31877 -31.761336),CHL,17.54,-3.070524709,67,2.039432009,2.587676494,2.434889814,0.1861,0.3841,7.22300005,11.47792034,6.2
Chile,2019,0.1871,POINT(-71.31877 -31.761336),CHL,17.54,-3.874752,67,2.039432009,2.587676494,2.434889814,0.1861,0.3841,7.43200016,11.47792034,6.2
St. Kitts and Nevis,2018,0,,KNA,67.76,-7.159130588,,9.255081009,2.146724809,-1.037122141,0.1842,0.6614,5.119999886,0,9.8
St. Kitts and Nevis,2019,0,,KNA,67.76,-7.159130588,,9.255081009,2.146724809,-1.037122141,0.1842,0.6614,5.119999886,0,9.8
"Egypt, Arab Rep.",2018,0.0237,POINT(29.267547 26.254049),EGY,40.35097085,-2.508289165,35,2.709343149,3.194431298,29.50193273,0.1836,0.1979,11.43599987,5.399681487,18.1
"Egypt, Arab Rep.",2019,0.0237,POINT(29.267547 26.254049),EGY,40.35097085,-2.508289165,35,2.709343149,3.194431298,29.50193273,0.1836,0.1979,11.29300022,5.399681487,18.1
Saudi Arabia,2018,0.0949,POINT(42.352833 25.624262),SAU,5.01,8.977045586,49,0.539983045,0.607923521,2.46594309,0.18,0.127,5.919000149,23.75815421,6
Saudi Arabia,2019,0.0949,POINT(42.352833 25.624262),SAU,5.01,8.977045586,49,0.539983045,0.607923521,2.46594309,0.18,0.127,5.918000221,23.75815421,6
St. Lucia,2018,0.3169,POINT(-60.975036 13.825049),LCA,35.1403711,5.351317321,55,2.082930444,0.339234187,1.938462444,0.1769,0.332,20.86800003,0.024718564,14.9
St. Lucia,2019,0.3169,POINT(-60.975036 13.825049),LCA,35.1403711,5.351317321,55,2.082930444,0.339234187,1.938462444,0.1769,0.332,20.46899986,0.024718564,14.9
Paraguay,2018,0.5975,POINT(-58.169344 -23.316593),PRY,39.85119321,0.021316392,29,0.955420154,2.349990344,3.975610157,0.1689,0.2123,4.711999893,1.545607443,17.2
Paraguay,2019,0.5975,POINT(-58.169344 -23.316593),PRY,39.85119321,0.021316392,29,0.955420154,2.349990344,3.975610157,0.1689,0.2123,4.676000118,1.545607443,17.2
Germany,2018,0.1642,POINT(10.423447 51.08342),DEU,70.99,7.343602078,80,2.666844474,1.195762891,1.732167661,0.1682,0.6571,3.424999952,0.068903995,3.1
Germany,2019,0.1642,POINT(10.423447 51.08342),DEU,70.99,7.343602078,80,2.666844474,1.195762891,1.732167661,0.1682,0.6571,3.198999882,0.068903995,3.1
Antigua and Barbuda,2018,0.1063,,ATG,104.36,-7.026594351,,8.390045571,6.430026467,1.209821835,0.1643,0.684,8.420000076,0,5
Antigua and Barbuda,2019,0.1063,,ATG,104.36,-7.026594351,,8.390045571,6.430026467,1.209821835,0.1643,0.684,8.420000076,0,5
Tuvalu,2018,0.1372,,TUV,58.21,18.15173499,,0.701755511,1.270855057,,0.1629,0.2524,8.489100456,0,20.6
Tuvalu,2019,0.1372,,TUV,58.21,18.15173499,,0.701755511,1.270855057,,0.1629,0.2524,8.489100456,0,20.6
Greece,2018,0.03,POINT(21.987713 38.995368),GRC,176.94,-2.865876335,45,1.846265988,2.191029524,0.625629147,0.1576,0.153,19.20700073,0.125129738,3.6
Greece,2019,0.03,POINT(21.987713 38.995368),GRC,176.94,-2.865876335,45,1.846265988,2.191029524,0.625629147,0.1576,0.153,18.08099937,0.125129738,3.6
China,2018,0.1327,POINT(116.380929 39.92877),CHN,14.47464036,0.360751327,39,1.495368482,6.082241155,2.074788902,0.1538,0.6643,4.416999817,1.496189953,7.4
China,2019,0.1327,POINT(116.380929 39.92877),CHN,14.47464036,0.360751327,39,1.495368482,6.082241155,2.074788902,0.1538,0.6643,4.423999786,1.496189953,7.4
Hungary,2018,0.0297,POINT(19.506094 47.181759),HUN,75.33,-0.429346897,46,-41.45757871,5.300354538,2.850247926,0.1522,0.5244,3.663000107,0.290070996,3.6
Hungary,2019,0.0297,POINT(19.506094 47.181759),HUN,75.33,-0.429346897,46,-41.45757871,5.300354538,2.850247926,0.1522,0.5244,3.463999987,0.290070996,3.6
Barbados,2018,0.0926,POINT(-59.52503 13.150033),BRB,105.48,-5.30571094,68,3.791953353,-0.640057736,4.66018464,0.1423,0.6934,9.56799984,0.071083299,11.3
Barbados,2019,0.0926,POINT(-59.52503 13.150033),BRB,105.48,-5.30571094,68,3.791953353,-0.640057736,4.66018464,0.1423,0.6934,9.588000298,0.071083299,11.3
Samoa,2018,0.0111,,WSM,51.34479751,2.49481001,,2.037004014,-2.556174478,4.197458887,0.1376,0.7871,8.324999809,0.44669654,13.6
Samoa,2019,0.0111,,WSM,51.34479751,2.49481001,,2.037004014,-2.556174478,4.197458887,0.1376,0.7871,8.456999779,0.44669654,13.6
Finland,2018,0.1412,POINT(25.920916 63.246778),FIN,62.51,-1.614781697,85,-1.762790618,1.490208143,1.083820984,0.1315,0.2531,7.755000114,0.582211598,1.4
Finland,2019,0.1412,POINT(25.920916 63.246778),FIN,62.51,-0.7546372,85,-1.762790618,1.490208143,1.083820984,0.1315,0.2531,7.251999855,0.582211598,1.4
Lebanon,2018,0.1312,POINT(35.843409 33.875063),LBN,145.1098085,-21.97262508,28,4.647116274,-0.342081302,6.076989079,0.1314,0.7886,6.166999817,0.001227934,6.4
Lebanon,2019,0.1312,POINT(35.843409 33.875063),LBN,145.1098085,-21.97262508,28,4.647116274,-0.342081302,6.076989079,0.1314,0.7886,6.196000099,0.001227934,6.4
Armenia,2018,0.1291,POINT(44.673665 40.769627),ARM,87.48378418,-9.372598314,35,2.044111039,4.95169918,2.52023382,0.1272,0.4576,17.71199989,5.815620913,11
Armenia,2019,0.1291,POINT(44.673665 40.769627),ARM,87.48378418,-9.372598314,35,2.044111039,4.95169918,2.52023382,0.1272,0.4576,17.70700073,5.815620913,11
United Kingdom,2018,0.0532,POINT(-3.276575 54.702355),GBR,88.98,-4.311481073,80,1.228047858,0.729787206,2.292839903,0.1211,0.6944,3.953999996,0.439557623,3.6
United Kingdom,2019,0.0532,POINT(-3.276575 54.702355),GBR,88.98,-4.311481073,80,1.228047858,0.729787206,2.292839903,0.1211,0.6944,3.809000015,0.439557623,3.6
Ireland,2018,0.0312,POINT(-7.97946 52.865196),IRL,78.68,10.69330513,73,16.87265141,7.142041132,0.488370168,0.1206,0.155,5.690999985,0.139401921,3.1
Ireland,2019,0.0312,POINT(-7.97946 52.865196),IRL,78.68,-9.454939,73,16.87265141,7.142041132,0.488370168,0.1206,0.155,5.28399992,0.139401921,3.1
Poland,2018,0.0468,POINT(19.025816 52.097718),POL,51.28,-0.993744167,60,2.850952983,5.137713695,1.812951565,0.1183,0.1712,3.673000097,0.955618388,3.8
Poland,2019,0.0468,POINT(19.025816 52.097718),POL,51.28,-0.993744167,60,2.850952983,5.137713695,1.812951565,0.1183,0.1712,3.270999908,0.955618388,3.8
Italy,2018,0.1147,POINT(12.674297 42.638426),ITA,132.71,2.583620015,52,1.901008618,0.950146897,1.137487636,0.1145,0.3027,10.20499992,0.071201821,2.6
Italy,2019,0.1147,POINT(12.674297 42.638426),ITA,132.71,2.583620015,52,1.901008618,0.950146897,1.137487636,0.1145,0.3027,9.215000153,0.071201821,2.6
Solomon Islands,2018,0.5254,POINT(162.828854 -9.735434),SLB,29.07788551,-3.623565128,44,0.863940783,1.179036123,0.48868676,0.111,0.6708,1.789999962,22.59696839,17.1
Solomon Islands,2019,0.5254,POINT(162.828854 -9.735434),SLB,29.07788551,-3.623565128,44,0.863940783,1.179036123,0.48868676,0.111,0.6708,1.792999983,22.59696839,17.1
Austria,2018,0.1522,POINT(13.199959 47.200034),AUT,86.19,2.371858764,76,0.926966323,1.8470512,1.998381877,0.1068,0.4146,4.785999775,0.13947014,2.9
Austria,2019,0.1522,POINT(13.199959 47.200034),AUT,86.19,2.371858764,76,0.926966323,1.8470512,1.998381877,0.1068,0.4146,4.635000229,0.13947014,2.9
Netherlands,2018,0.5143,POINT(5.534607 52.237989),NLD,65.12,10.84268307,82,-26.19545708,2.00369176,1.703497947,0.1054,0.7222,3.880000114,0.364723408,3.3
Netherlands,2019,0.5143,POINT(5.534607 52.237989),NLD,65.12,10.84268307,82,-26.19545708,2.00369176,1.703497947,0.1054,0.7222,3.760999918,0.364723408,3.3
France,2018,0.1221,POINT(1.888334 46.603354),FRA,96.14,-0.68457453,72,2.155068065,1.539463118,1.850815083,0.1032,0.4029,9.180000305,0.042362577,3.4
France,2019,0.1221,POINT(1.888334 46.603354),FRA,96.14,-0.68457453,72,2.155068065,1.539463118,1.850815083,0.1032,0.4029,9.098999977,0.042362577,3.4
Haiti,2018,0,POINT(-72.357097 19.139995),HTI,22.78714576,-3.551103306,20,1.087100437,0.199179707,12.48141112,0.095,0.4704,13.52600002,1.235212589,49.5
Haiti,2019,0,POINT(-72.357097 19.139995),HTI,22.78714576,-3.551103306,20,1.087100437,0.199179707,12.48141112,0.095,0.4704,13.48400021,1.235212589,49.5
Cyprus,2018,0.3962,POINT(33.145129 34.982302),CYP,108.87,-4.274772809,59,20.85872137,2.745155679,1.435491195,0.0939,0.3962,8.109000206,0.015494038,1.9
Cyprus,2019,0.3962,POINT(33.145129 34.982302),CYP,108.87,-4.274772809,59,20.85872137,2.745155679,1.435491195,0.0939,0.3962,7.916999817,0.015494038,1.9
Australia,2018,0.3349,POINT(134.755 -24.776109),AUS,37.64,-2.068505348,77,4.207922492,1.331877548,1.911400944,0.0929,0.8211,5.387000084,7.20768932,3.1
Australia,2019,0.3349,POINT(134.755 -24.776109),AUS,37.64,0.5043693,77,4.207922492,1.331877548,1.911400944,0.0929,0.8211,5.328000069,7.20768932,3.1
Tonga,2018,0.3782,,TON,41.27104116,-6.357628268,,3.341259855,-0.865346735,7.442245466,0.0869,0.6214,1.02699995,0.04650728,13.4
Tonga,2019,0.3782,,TON,41.27104116,-6.357628268,,3.341259855,-0.865346735,7.442245466,0.0869,0.6214,1.018000007,0.04650728,13.4
Denmark,2018,0.1049,POINT(12.470036 55.669425),DNK,45.53,6.967273674,88,0.327884742,1.817932898,0.813609467,0.0819,0.2333,4.974999905,0.513894525,3.6
Denmark,2019,0.1049,POINT(12.470036 55.669425),DNK,45.53,7.855833,88,0.327884742,1.817932898,0.813609467,0.0819,0.2333,4.830999851,0.513894525,3.6
Iceland,2018,0.082,POINT(-18.105901 64.984182),ISL,67.59,2.825836562,76,-1.679393076,1.601307982,2.682917683,0.0798,0.1913,2.917999983,2.40E-04,1.5
Iceland,2019,0.082,POINT(-18.105901 64.984182),ISL,67.59,5.810127,76,-1.679393076,1.601307982,2.682917683,0.0798,0.1913,2.950000048,2.40E-04,1.5
"Hong Kong SAR, China",2018,0.2128,POINT(114.184916 22.350627),HKG,0.06,4.289125668,76,23.83982516,2.182713538,2.407717452,0.062,0.4191,2.778000116,0.001194072,
"Hong Kong SAR, China",2019,0.2128,POINT(114.184916 22.350627),HKG,0.06,4.289125668,76,23.83982516,2.182713538,2.407717452,0.062,0.4191,2.75999999,0.001194072,
Marshall Islands,2018,0.0734,,MHL,33.7,23.96589653,,4.40714909,2.994982208,,0.0603,0.5207,4.739999771,0,27.4
Marshall Islands,2019,0.0734,,MHL,33.7,23.96589653,,4.40714909,2.994982208,,0.0603,0.5207,4.739999771,0,27.4
Sweden,2018,0.1968,POINT(14.520858 59.674971),SWE,43.4,1.704524455,85,1.622481445,0.965620049,1.953535301,0.06,0.2342,6.443999767,0.542100946,2.2
Sweden,2019,0.1968,POINT(14.520858 59.674971),SWE,43.4,3.904377,85,1.622481445,0.965620049,1.953535301,0.06,0.2342,6.837999821,0.542100946,2.2
Norway,2018,0.0673,POINT(9.099972 60.500021),NOR,27.94,7.226016818,84,-3.996760842,0.577326046,2.764831345,0.0586,0.2048,3.91899991,5.924530461,2.1
Norway,2019,0.0673,POINT(9.099972 60.500021),NOR,27.94,3.959721,84,-3.996760842,0.577326046,2.764831345,0.0586,0.2048,3.967000008,5.924530461,2.1
Eswatini,2018,0.1722,POINT(31.399132 -26.562481),SWZ,10.86654513,1.915890543,38,0.663696677,1.320645339,4.814942338,0.0582,0.4444,22.47699928,2.809621134,43
Eswatini,2019,0.1722,POINT(31.399132 -26.562481),SWZ,10.86654513,1.915890543,38,0.663696677,1.320645339,4.814942338,0.0582,0.4444,22.85400009,2.809621134,43
Kiribati,2018,0.0237,,KIR,23.08,37.99114125,,0.313886667,0.513904299,0.572015744,0.0511,0.5541,9.334500313,0.081663788,41.2
Kiribati,2019,0.0237,,KIR,23.08,37.99114125,,0.313886667,0.513904299,0.572015744,0.0511,0.5541,9.334500313,0.081663788,41.2
Portugal,2018,0.0198,POINT(-7.889626 40.033265),PRT,128.98,0.39758173,64,2.667806259,2.625968365,0.993715683,0.0468,0.1438,6.860000134,0.352397454,3.1
Portugal,2019,0.0198,POINT(-7.889626 40.033265),PRT,128.98,0.39758173,64,2.667806259,2.625968365,0.993715683,0.0468,0.1438,6.129000187,0.352397454,3.1
Bangladesh,2018,0.0925,POINT(90.293243 24.476878),BGD,18.19206855,-2.770869311,26,1.072976137,6.737017522,5.543621395,0.0454,0.209,4.308000088,0.655052405,25.1
Bangladesh,2019,0.0925,POINT(90.293243 24.476878),BGD,18.19206855,-2.770869311,26,1.072976137,6.737017522,5.543621395,0.0454,0.209,4.293000221,0.655052405,25.1
Malta,2018,0.0907,POINT(14.447691 35.888599),MLT,63.96,9.848035645,54,32.53578819,3.342797311,1.157823625,0.0414,0.1223,4.583000183,0,6.1
Malta,2019,0.0907,POINT(14.447691 35.888599),MLT,63.96,9.848035645,54,32.53578819,3.342797311,1.157823625,0.0414,0.1223,4.626999855,0,6.1
Vanuatu,2018,0.5794,POINT(168.106915 -16.525507),VUT,45.94828665,9.339021737,46,4.110492618,0.671832718,3.084526244,0.0413,0.7044,5.40899992,0.786780126,22.3
Vanuatu,2019,0.5794,POINT(168.106915 -16.525507),VUT,45.94828665,9.339021737,46,4.110492618,0.671832718,3.084526244,0.0413,0.7044,5.397999763,0.786780126,22.3
Tunisia,2018,0.0124,POINT(9.400138 33.843941),TUN,90.0340253,-11.10755553,43,2.480348174,1.315252125,7.30759176,0.0394,0.0104,15.47799969,2.40914468,14.6
Tunisia,2019,0.0124,POINT(9.400138 33.843941),TUN,90.0340253,-11.10755553,43,2.480348174,1.315252125,7.30759176,0.0394,0.0104,15.51000023,2.40914468,14.6
"Korea, Rep.",2018,0.0028,POINT(127.940856 36.558191),KOR,37.89,4.718252545,57,0.894102018,2.33217302,1.475862404,0.0392,0.4891,3.795000076,0.03439246,2.7
"Korea, Rep.",2019,0.0028,POINT(127.940856 36.558191),KOR,37.89,3.465721,57,0.894102018,2.33217302,1.475862404,0.0392,0.4891,3.713999987,0.03439246,2.7
Japan,2018,0.0178,POINT(139.239418 36.574844),JPN,247.98,3.514530802,73,0.520525138,0.992931322,0.97990367,0.0119,0.5406,2.444999933,0.027970849,1.8
Japan,2019,0.0178,POINT(139.239418 36.574844),JPN,247.98,3.555499,73,0.520525138,0.992931322,0.97990367,0.0119,0.5406,2.405999899,0.027970849,1.8
"Korea, Dem. Peoples Rep.",2018,0.0021,POINT(125.767625 39.0431),PRK,,,14,,,,0.002,0.6604,3.302999973,,13.7
"Korea, Dem. Peoples Rep.",2019,0.0021,POINT(125.767625 39.0431),PRK,,,14,,,,0.002,0.6604,3.301000118,,13.7
American Samoa,2018,0.1733,,ASM,,,,,2.470435213,,0,0.6395,9.199999809,0,
American Samoa,2019,0.1733,,ASM,,,,,2.470435213,,0,0.6395,9.199999809,0,
Aruba,2018,0.3889,,ABW,,5.329558252,,6.015721969,0.855431102,3.580394283,0,0.4107,8.899999619,0.003509322,
Aruba,2019,0.3889,,ABW,,5.329558252,,6.015721969,0.855431102,3.580394283,0,0.4107,8.899999619,0.003509322,
Bermuda,2018,0,,BMU,,15.08240774,,0.985053866,-2.815614911,,0,0.7112,8.93999958,0,
Bermuda,2019,0,,BMU,,15.08240774,,0.985053866,-2.815614911,,0,0.7112,8.93999958,0,
Comoros,2018,0.0103,POINT(44.283296 -12.204518),COM,16.46226726,-2.398514746,27,0.582358621,1.140509904,-4.294873315,0,0.0137,3.710000038,2.384124779,51.3
Comoros,2019,0.0103,POINT(44.283296 -12.204518),COM,16.46226726,-2.398514746,27,0.582358621,1.140509904,-4.294873315,0,0.0137,3.703000069,2.384124779,51.3
Timor-Leste,2018,0.5261,POINT(125.837576 -8.515198),TLS,6.69447086,-7.405935098,35,1.856864183,0.810281645,0.557215537,0,0.4254,2.999000072,31.45844516,39.3
Timor-Leste,2019,0.5261,POINT(125.837576 -8.515198),TLS,6.69447086,-7.405935098,35,1.856864183,0.810281645,0.557215537,0,0.4254,3.007999897,31.45844516,39.3
Faroe Islands,2018,0,,FRO,,7.800858762,,,,,0,0.3147,3.700000048,0,
Faroe Islands,2019,0,,FRO,,7.800858762,,,,,0,0.3147,3.700000048,0,
French Guiana,2018,0.1154,,,,,,,,,0,0.4959,,,
French Guiana,2019,0.1154,,,,,,,,,0,0.4959,,,
French Polynesia,2018,0.6078,,PYF,,,,0.286427714,2.07068164,,0,0.5813,12.01599979,9.64E-04,
French Polynesia,2019,0.6078,,PYF,,,,0.286427714,2.07068164,,0,0.5813,11.97200012,9.64E-04,
Gaza Strip,2018,0.0104,,,,,,,,,0,0.0342,,,
Gaza Strip,2019,0.0104,,,,,,,,,0,0.0342,,,
Greenland,2018,0.2188,,GRL,,,,,3.487011391,,0,0.4592,9.100000381,0,
Greenland,2019,0.2188,,GRL,,,,,3.487011391,,0,0.4592,9.100000381,0,
Guadeloupe,2018,0.0933,,,,,,,,,0,0.3069,,,
Guadeloupe,2019,0.0933,,,,,,,,,0,0.3069,,,
Guam,2018,0.732,,GUM,,,,,-1.162983053,,0,0.4082,5.611999989,0,
Guam,2019,0.732,,GUM,,,,,-1.162983053,,0,0.4082,5.857999802,0,
Isle of Man,2018,0,,IMN,,,,,3.214588866,,0,0.4729,2.667321205,0,
Isle of Man,2019,0,,IMN,,,,,3.214588866,,0,0.4729,2.667321205,0,
Jersey,2018,0,,,,,,,,,0,0.5479,,,
Jersey,2019,0,,,,,,,,,0,0.5479,,,
Macau,2018,0.2519,,,,,,,,,0,0.5511,,,
Macau,2019,0.2519,,,,,,,,,0,0.5511,,,
Martinique,2018,0,,,,,,,,,0,0.2336,,,
Martinique,2019,0,,,,,,,,,0,0.2336,,,
Mayotte,2018,0.7212,,,,,,,,,0,0.062,,,
Mayotte,2019,0.7212,,,,,,,,,0,0.062,,,
Netherlands Antilles,2018,0.2508,,,,,,,,,0,0.3866,,,
Netherlands Antilles,2019,0.2508,,,,,,,,,0,0.3866,,,
New Caledonia,2018,0.6633,,NCL,,,,-1.514572529,0.177142857,0.578317436,0,0.5462,13.61900043,5.86430531,
New Caledonia,2019,0.6633,,NCL,,,,-1.514572529,0.177142857,0.578317436,0,0.5462,13.42000008,5.86430531,
Northern Mariana Islands,2018,0.7754,,MNP,,,,,-20.06010379,,0,0.4811,11.17000008,0,
Northern Mariana Islands,2019,0.7754,,MNP,,,,,-20.06010379,,0,0.4811,11.17000008,0,
Puerto Rico,2018,0.0352,,PRI,52.98,,,,-1.041080619,,0,0.4952,11.44400024,0,
Puerto Rico,2019,0.0352,,PRI,52.98,,,,-1.041080619,,0,0.4952,11.16600037,0,
Runion,2018,0.1578,,,,,,,,,0,0.1952,,,
Runion,2019,0.1578,,,,,,,,,0,0.1952,,,
Sao Tome and Principe,2018,0.2322,POINT(6.964872 0.88755),STP,58.77044532,-14.72564839,46,5.607826297,0.741508911,7.868596289,0,0.1866,13.31900024,2.929851769,24.4
Sao Tome and Principe,2019,0.2322,POINT(6.964872 0.88755),STP,58.77044532,-14.72564839,46,5.607826297,0.741508911,7.868596289,0,0.1866,13.40100002,2.929851769,24.4
Virgin Islands (U.S.),2018,0.314,,VIR,,,,,-1.474767186,,0,0.6359,8.409999847,0,
Virgin Islands (U.S.),2019,0.314,,VIR,,,,,-1.474767186,,0,0.6359,8.357000351,0,
West Bank and Gaza,2018,0.1438,,PSE,,-11.35232744,,1.796055381,-1.618564497,0.212570934,0,0.3095,30.18199921,0,17.3
West Bank and Gaza,2019,0.1438,,PSE,,-11.35232744,,1.796055381,-1.618564497,0.212570934,0,0.3095,29.86599922,0,17.3
"Yemen, Rep.",2018,0.008,POINT(47.891527 16.347124),YEM,26.14523266,-7.811101276,14,-1.048131521,-4.968006747,8.104725836,0,0.0023,12.93400002,1.946931999,42.9
"Yemen, Rep.",2019,0.008,POINT(47.891527 16.347124),YEM,26.14523266,-7.811101276,14,-1.048131521,-4.968006747,8.104725836,0,0.0023,12.80900002,1.946931999,42.9
